Código Programa,Nome do programa,Sigla IES,Grau acadêmico Atual do PPG,Nome Modalidade,Nota do Programa,Situação Programa,Programa em Forma Associativa,Área de Avaliação,Área Conhecimento,Grande área de conhecimento
12008010002P5,DIREITO AMBIENTAL,UEA,Mestrado/Doutorado,ACADÊMICO,4,EM FUNCIONAMENTO,Não,DIREITO,DIREITO,CIÊNCIAS SOCIAIS APLICADAS
26001012018P0,DIREITO,UFAL,Mestrado,ACADÊMICO,3,EM FUNCIONAMENTO,Não,DIREITO,DIREITO,CIÊNCIAS SOCIAIS APLICADAS
28001010015P0,DIREITO,UFBA,Mestrado/Doutorado,ACADÊMICO,5,EM FUNCIONAMENTO,Não,DIREITO,DIREITO,CIÊNCIAS SOCIAIS APLICADAS
31018017007P9,DIREITO,UNESA,Mestrado/Doutorado,ACADÊMICO,5,EM FUNCIONAMENTO,Não,DIREITO,DIREITO,CIÊNCIAS SOCIAIS APLICADAS
33034010006P0,DIREITO,UNIMAR,Mestrado/Doutorado,ACADÊMICO,5,EM FUNCIONAMENTO,Não,DIREITO,DIREITO,CIÊNCIAS SOCIAIS APLICADAS
32008015005P7,DIREITO,PUC MINAS,Mestrado/Doutorado,ACADÊMICO,6,EM FUNCIONAMENTO,Não,DIREITO,DIREITO,CIÊNCIAS SOCIAIS APLICADAS
30010012001P7,DIREITO,FDV,Mestrado/Doutorado,ACADÊMICO,5,EM FUNCIONAMENTO,Não,DIREITO,DIREITO,CIÊNCIAS SOCIAIS APLICADAS
32040016001P8,Direito nas Relações Econômicas e Sociais,FMC,Mestrado,ACADÊMICO,3,EM FUNCIONAMENTO,Não,DIREITO,DIREITO,CIÊNCIAS SOCIAIS APLICADAS
31004016015P4,DIREITO,UERJ,Mestrado/Doutorado,ACADÊMICO,6,EM FUNCIONAMENTO,Não,DIREITO,DIREITO,CIÊNCIAS SOCIAIS APLICADAS
31005012020P4,DIREITO,PUC-RIO,Mestrado/Doutorado,ACADÊMICO,6,EM FUNCIONAMENTO,Não,DIREITO,TEORIA DO DIREITO,CIÊNCIAS SOCIAIS APLICADAS
32001010027P6,DIREITO,UFMG,Mestrado/Doutorado,ACADÊMICO,7,EM FUNCIONAMENTO,Não,DIREITO,DIREITO,CIÊNCIAS SOCIAIS APLICADAS
33002010119P7,DIREITO,USP,Mestrado/Doutorado,ACADÊMICO,7,EM FUNCIONAMENTO,Não,DIREITO,DIREITO,CIÊNCIAS SOCIAIS APLICADAS
40031012001P5,CIÊNCIA JURÍDICA,UENP,Mestrado/Doutorado,ACADÊMICO,4,EM FUNCIONAMENTO,Não,DIREITO,DIREITO,CIÊNCIAS SOCIAIS APLICADAS
33004072068P9,DIREITO,UNESP-FRANCA,Mestrado/Doutorado,ACADÊMICO,4,EM FUNCIONAMENTO,Não,DIREITO,DIREITO,CIÊNCIAS SOCIAIS APLICADAS
42008018004P9,DIREITO,UCS,Mestrado/Doutorado,ACADÊMICO,4,EM FUNCIONAMENTO,Não,DIREITO,DIREITO,CIÊNCIAS SOCIAIS APLICADAS
50001019025P4,DIREITO,UFMT,Mestrado,ACADÊMICO,4,EM FUNCIONAMENTO,Não,DIREITO,DIREITOS ESPECIAIS,CIÊNCIAS SOCIAIS APLICADAS
42007011005P9,DIREITO,UNISINOS,Mestrado/Doutorado,ACADÊMICO,6,EM FUNCIONAMENTO,Não,DIREITO,DIREITO PÚBLICO,CIÊNCIAS SOCIAIS APLICADAS
27001016035P4,DIREITO,UFS,Mestrado,ACADÊMICO,4,EM FUNCIONAMENTO,Não,DIREITO,DIREITO CONSTITUCIONAL,CIÊNCIAS SOCIAIS APLICADAS
42024013004P7,Direitos Humanos,UNIJUÍ,Mestrado/Doutorado,ACADÊMICO,4,EM FUNCIONAMENTO,Não,DIREITO,DIREITO,CIÊNCIAS SOCIAIS APLICADAS
27002012005P4,Direitos Humanos,UNIT,Mestrado/Doutorado,ACADÊMICO,4,EM FUNCIONAMENTO,Não,DIREITO,DIREITO,CIÊNCIAS SOCIAIS APLICADAS
15001016003P1,DIREITO,UFPA,Mestrado/Doutorado,ACADÊMICO,5,EM FUNCIONAMENTO,Não,DIREITO,DIREITO,CIÊNCIAS SOCIAIS APLICADAS
22001018011P4,DIREITO,UFC,Mestrado/Doutorado,ACADÊMICO,4,EM FUNCIONAMENTO,Não,DIREITO,DIREITO PÚBLICO,CIÊNCIAS SOCIAIS APLICADAS
23001011034P7,DIREITO,UFRN,Mestrado,ACADÊMICO,3,EM FUNCIONAMENTO,Não,DIREITO,DIREITO,CIÊNCIAS SOCIAIS APLICADAS
24001015037P9,CIÊNCIAS JURÍDICAS,UFPB-JOÃO PESSOA,Mestrado/Doutorado,ACADÊMICO,4,EM FUNCIONAMENTO,Não,DIREITO,DIREITO,CIÊNCIAS SOCIAIS APLICADAS
25001019029P9,DIREITO,UFPE,Mestrado/Doutorado,ACADÊMICO,5,EM FUNCIONAMENTO,Não,DIREITO,DIREITO,CIÊNCIAS SOCIAIS APLICADAS
22002014003P8,DIREITO CONSTITUCIONAL,UNIFOR,Mestrado/Doutorado,ACADÊMICO,6,EM FUNCIONAMENTO,Não,DIREITO,DIREITO PÚBLICO,CIÊNCIAS SOCIAIS APLICADAS
40028011001P8,DIREITO PROCESSUAL E CIDADANIA,UNIPAR,Mestrado,ACADÊMICO,4,EM FUNCIONAMENTO,Não,DIREITO,DIREITO,CIÊNCIAS SOCIAIS APLICADAS
41001010011P1,DIREITO,UFSC,Mestrado/Doutorado,ACADÊMICO,6,EM FUNCIONAMENTO,Não,DIREITO,DIREITO,CIÊNCIAS SOCIAIS APLICADAS
33007012005P3,DIREITO,UNIMEP,Mestrado,ACADÊMICO,2,EM DESATIVACAO,Não,DIREITO,DIREITO,CIÊNCIAS SOCIAIS APLICADAS
15001016170P5,DIREITO E DESENVOLVIMENTO NA AMAZÔNIA,UFPA,Mestrado Profissional,PROFISSIONAL,A,EM FUNCIONAMENTO,Não,DIREITO,DIREITO,CIÊNCIAS SOCIAIS APLICADAS
33111014001P9,DIREITO,UNIVEM,Mestrado,ACADÊMICO,3,EM FUNCIONAMENTO,Não,DIREITO,DIREITO,CIÊNCIAS SOCIAIS APLICADAS
41005015001P8,CIÊNCIA JURÍDICA,UNIVALI,Mestrado/Doutorado,ACADÊMICO,6,EM FUNCIONAMENTO,Não,DIREITO,DIREITO,CIÊNCIAS SOCIAIS APLICADAS
42001013042P3,DIREITO,UFRGS,Mestrado/Doutorado,ACADÊMICO,6,EM FUNCIONAMENTO,Não,DIREITO,DIREITO,CIÊNCIAS SOCIAIS APLICADAS
26038005001P4,"DIREITO, MERCADO, COMPLIANCE E SEGURANÇA HUMANA",CERS,Mestrado Profissional,PROFISSIONAL,3,EM FUNCIONAMENTO,Não,DIREITO,DIREITO,CIÊNCIAS SOCIAIS APLICADAS
33105014001P2,SISTEMA CONSTITUCIONAL DE GARANTIA DE DIREITOS,CEUB,Mestrado/Doutorado,ACADÊMICO,5,EM FUNCIONAMENTO,Não,DIREITO,DIREITO,CIÊNCIAS SOCIAIS APLICADAS
33024014018P2,DIREITO POLÍTICO E ECONÔMICO,MACKENZIE,Mestrado/Doutorado,ACADÊMICO,6,EM FUNCIONAMENTO,Não,DIREITO,DIREITO,CIÊNCIAS SOCIAIS APLICADAS
40003019006P4,DIREITO,PUCPR,Mestrado/Doutorado,ACADÊMICO,6,EM FUNCIONAMENTO,Não,DIREITO,DIREITO,CIÊNCIAS SOCIAIS APLICADAS
31032010002P6,DIREITO,UCAM,Mestrado,ACADÊMICO,2,EM DESATIVACAO,Não,DIREITO,DIREITO,CIÊNCIAS SOCIAIS APLICADAS
42005019013P9,DIREITO,PUCRS,Mestrado/Doutorado,ACADÊMICO,6,EM FUNCIONAMENTO,Não,DIREITO,DIREITO,CIÊNCIAS SOCIAIS APLICADAS
42005019023P4,CIÊNCIAS CRIMINAIS,PUCRS,Mestrado/Doutorado,ACADÊMICO,5,EM FUNCIONAMENTO,Não,DIREITO,DIREITO,CIÊNCIAS SOCIAIS APLICADAS
42020018002P9,DIREITO,UNISC,Mestrado/Doutorado,ACADÊMICO,5,EM FUNCIONAMENTO,Não,DIREITO,DIREITO,CIÊNCIAS SOCIAIS APLICADAS
40002012002P2,DIREITO NEGOCIAL,UEL,Mestrado/Doutorado,ACADÊMICO,4,EM FUNCIONAMENTO,Não,DIREITO,DIREITO,CIÊNCIAS SOCIAIS APLICADAS
40001016017P3,DIREITO,UFPR,Mestrado/Doutorado,ACADÊMICO,6,EM FUNCIONAMENTO,Não,DIREITO,DIREITO,CIÊNCIAS SOCIAIS APLICADAS
53001010017P3,DIREITO,UNB,Mestrado/Doutorado,ACADÊMICO,7,EM FUNCIONAMENTO,Não,DIREITO,DIREITO PÚBLICO,CIÊNCIAS SOCIAIS APLICADAS
33136017001P4,FUNÇÃO SOCIAL DO DIREITO,FADISP,Mestrado/Doutorado,ACADÊMICO,5,EM FUNCIONAMENTO,Não,DIREITO,DIREITO,CIÊNCIAS SOCIAIS APLICADAS
25002015006P5,DIREITO,UNICAP,Mestrado/Doutorado,ACADÊMICO,5,EM FUNCIONAMENTO,Não,DIREITO,DIREITO,CIÊNCIAS SOCIAIS APLICADAS
40029018001P4,DIREITO,UNICURITIBA,Mestrado/Doutorado,ACADÊMICO,5,EM FUNCIONAMENTO,Não,DIREITO,DIREITO,CIÊNCIAS SOCIAIS APLICADAS
30001013027P0,Direito Processual,UFES,Mestrado,ACADÊMICO,4,EM FUNCIONAMENTO,Não,DIREITO,DIREITO PROCESSUAL CIVIL,CIÊNCIAS SOCIAIS APLICADAS
53005015001P1,DIREITO,UNICEUB,Mestrado/Doutorado,ACADÊMICO,5,EM FUNCIONAMENTO,Não,DIREITO,DIREITO,CIÊNCIAS SOCIAIS APLICADAS
33005010019P5,DIREITO,PUCSP,Mestrado/Doutorado,ACADÊMICO,5,EM FUNCIONAMENTO,Não,DIREITO,DIREITO,CIÊNCIAS SOCIAIS APLICADAS
33079013001P3,DIREITO,UNIFIEO,Mestrado,ACADÊMICO,3,EM FUNCIONAMENTO,Não,DIREITO,DIREITO,CIÊNCIAS SOCIAIS APLICADAS
33020019001P7,DIREITO,UNISANTOS,Mestrado/Doutorado,ACADÊMICO,4,EM FUNCIONAMENTO,Não,DIREITO,DIREITO,CIÊNCIAS SOCIAIS APLICADAS
15013014001P3,"Direito, Políticas Públicas e Desenvolvimento Regional",CESUPA,Mestrado/Doutorado,ACADÊMICO,4,EM FUNCIONAMENTO,Não,DIREITO,DIREITO,CIÊNCIAS SOCIAIS APLICADAS
52060004008P7,DIREITO,UFJ,Mestrado,ACADÊMICO,A,EM FUNCIONAMENTO,Não,DIREITO,DIREITO,CIÊNCIAS SOCIAIS APLICADAS
53003012008P3,DIREITO,UCB,Mestrado,ACADÊMICO,5,EM FUNCIONAMENTO,Não,DIREITO,DIREITO,CIÊNCIAS SOCIAIS APLICADAS
33145016001P0,Direito,FGV-DIREITO SP,Mestrado/Doutorado,ACADÊMICO,5,EM FUNCIONAMENTO,Não,DIREITO,DIREITO,CIÊNCIAS SOCIAIS APLICADAS
33087016003P5,DIREITO DA SAÚDE: DIMENSÕES INDIVIDUAIS E COLETIVAS,UNISANTA,Mestrado,ACADÊMICO,3,EM FUNCIONAMENTO,Não,DIREITO,DIREITO,CIÊNCIAS SOCIAIS APLICADAS
40051013002P5,DIREITO,UNINTER,Mestrado,ACADÊMICO,3,EM FUNCIONAMENTO,Não,DIREITO,DIREITO,CIÊNCIAS SOCIAIS APLICADAS
40036014001P7,DIREITO,UNIBRASIL,Mestrado/Doutorado,ACADÊMICO,5,EM FUNCIONAMENTO,Não,DIREITO,DIREITO,CIÊNCIAS SOCIAIS APLICADAS
33142017001P0,DIREITO DA SOCIEDADE DA INFORMAÇÃO,FMU,Mestrado,ACADÊMICO,3,EM FUNCIONAMENTO,Não,DIREITO,DIREITO,CIÊNCIAS SOCIAIS APLICADAS
52001016107P6,DIREITO E POLÍTICAS PÚBLICAS,UFG,Mestrado Profissional/Doutorado Profissional,PROFISSIONAL,4,EM FUNCIONAMENTO,Não,DIREITO,DIREITO PÚBLICO,CIÊNCIAS SOCIAIS APLICADAS
42010012003P3,DIREITO,URI,Mestrado/Doutorado,ACADÊMICO,4,EM FUNCIONAMENTO,Não,DIREITO,DIREITO,CIÊNCIAS SOCIAIS APLICADAS
33131015005P8,Direito,UNISAL,Mestrado,ACADÊMICO,3,EM FUNCIONAMENTO,Não,DIREITO,DIREITO,CIÊNCIAS SOCIAIS APLICADAS
31011012015P7,Direito da Regulação,FGV-RJ,Mestrado/Doutorado,ACADÊMICO,5,EM FUNCIONAMENTO,Não,DIREITO,DIREITO,CIÊNCIAS SOCIAIS APLICADAS
31003010158P7,"DIREITOS, INSTITUIÇÕES E NEGÓCIOS",UFF,Doutorado,ACADÊMICO,4,EM FUNCIONAMENTO,Não,DIREITO,DIREITO,CIÊNCIAS SOCIAIS APLICADAS
42004012027P3,Direito e Justiça Social,FURG,Mestrado,ACADÊMICO,4,EM FUNCIONAMENTO,Não,DIREITO,DIREITO,CIÊNCIAS SOCIAIS APLICADAS
32079010001P4,Direito,FDSM,Mestrado,ACADÊMICO,4,EM FUNCIONAMENTO,Não,DIREITO,DIREITO CONSTITUCIONAL,CIÊNCIAS SOCIAIS APLICADAS
32053010002P5,"Instituições Sociais, Direito e Democracia",FUMEC,Mestrado,ACADÊMICO,4,EM FUNCIONAMENTO,Não,DIREITO,DIREITO,CIÊNCIAS SOCIAIS APLICADAS
40030016001P9,CIÊNCIAS JURÍDICAS,UNICESUMAR,Mestrado/Doutorado,ACADÊMICO,4,EM FUNCIONAMENTO,Não,DIREITO,DIREITO,CIÊNCIAS SOCIAIS APLICADAS
53032012001P8,DIREITO,UDF,Mestrado,ACADÊMICO,4,EM FUNCIONAMENTO,Não,DIREITO,DIREITO,CIÊNCIAS SOCIAIS APLICADAS
20001010029P5,DIREITO E INSTITUIÇÕES DO SISTEMA DE JUSTIÇA,UFMA,Mestrado/Doutorado,ACADÊMICO,4,EM FUNCIONAMENTO,Não,DIREITO,DIREITO,CIÊNCIAS SOCIAIS APLICADAS
32007019052P9,Direito,UFOP,Mestrado,ACADÊMICO,4,EM FUNCIONAMENTO,Não,DIREITO,DIREITO,CIÊNCIAS SOCIAIS APLICADAS
52004015002P9,DIREITO DO AGRONEGÓCIO E DESENVOLVIMENTO,FESURV,Mestrado Profissional,PROFISSIONAL,A,EM FUNCIONAMENTO,Não,DIREITO,DIREITO,CIÊNCIAS SOCIAIS APLICADAS
40066010001P2,"DIREITO, INOVAÇÃO E REGULAÇÕES",UNIVEL,Mestrado,ACADÊMICO,A,EM FUNCIONAMENTO,Não,DIREITO,DIREITOS ESPECIAIS,CIÊNCIAS SOCIAIS APLICADAS
32080018001P5,Hermenêutica e Direitos Fundamentais,UNIPAC,Mestrado,ACADÊMICO,2,EM DESATIVACAO,Não,DIREITO,TEORIA DO DIREITO,CIÊNCIAS SOCIAIS APLICADAS
31030017006P5,Direito,UVA,Mestrado/Doutorado,ACADÊMICO,4,EM FUNCIONAMENTO,Não,DIREITO,DIREITO,CIÊNCIAS SOCIAIS APLICADAS
53019016001P9,Direito Constitucional,IDP-BSB,Mestrado/Doutorado,ACADÊMICO,5,EM FUNCIONAMENTO,Não,DIREITO,DIREITO CONSTITUCIONAL,CIÊNCIAS SOCIAIS APLICADAS
52001016041P5,DIREITO AGRÁRIO,UFG,Mestrado/Doutorado,ACADÊMICO,4,EM FUNCIONAMENTO,Não,DIREITO,DIREITO PÚBLICO,CIÊNCIAS SOCIAIS APLICADAS
41079000001P0,"DIREITO, SOCIEDADE E TECNOLOGIAS",FL,Mestrado Profissional,PROFISSIONAL,3,EM FUNCIONAMENTO,Não,DIREITO,DIREITO,CIÊNCIAS SOCIAIS APLICADAS
35183004001P4,"DIREITO, JUSTIÇA E IMPACTOS NA ECONOMIA.",CEDES,Mestrado Profissional,PROFISSIONAL,4,EM FUNCIONAMENTO,Não,DIREITO,DIREITO,CIÊNCIAS SOCIAIS APLICADAS
20009011042P2,DIREITO E AFIRMAÇÃO DE VULNERÁVEIS,UNICEUMA,Mestrado Profissional,PROFISSIONAL,A,EM FUNCIONAMENTO,Não,DIREITO,DIREITO,CIÊNCIAS SOCIAIS APLICADAS
31001017130P9,DIREITO,UFRJ,Mestrado/Doutorado,ACADÊMICO,6,EM FUNCIONAMENTO,Não,DIREITO,DIREITO,CIÊNCIAS SOCIAIS APLICADAS
33145016002P6,Direito,FGV-DIREITO SP,Mestrado Profissional/Doutorado Profissional,PROFISSIONAL,4,EM FUNCIONAMENTO,Não,DIREITO,DIREITO,CIÊNCIAS SOCIAIS APLICADAS
32006012027P8,Direito,UFU,Mestrado,ACADÊMICO,4,EM FUNCIONAMENTO,Não,DIREITO,DIREITO,CIÊNCIAS SOCIAIS APLICADAS
42051010001P4,DIREITO,ATITUS EDUCAÇÃO,Mestrado,ACADÊMICO,4,EM FUNCIONAMENTO,Não,DIREITO,DIREITO,CIÊNCIAS SOCIAIS APLICADAS
31003010080P8,Direito Constitucional,UFF,Mestrado,ACADÊMICO,4,EM FUNCIONAMENTO,Não,DIREITO,DIREITO CONSTITUCIONAL,CIÊNCIAS SOCIAIS APLICADAS
31021018015P9,DIREITO,UNIRIO,Mestrado,ACADÊMICO,4,EM FUNCIONAMENTO,Não,DIREITO,DIREITO,CIÊNCIAS SOCIAIS APLICADAS
42043018003P8,Direito,UNIRITTER,Mestrado,ACADÊMICO,3,EM FUNCIONAMENTO,Não,DIREITO,DIREITOS ESPECIAIS,CIÊNCIAS SOCIAIS APLICADAS
32083017001P4,Direito Ambiental e Desenvolvimento Sustentável,ESDHC,Mestrado/Doutorado,ACADÊMICO,4,EM FUNCIONAMENTO,Não,DIREITO,DIREITO,CIÊNCIAS SOCIAIS APLICADAS
42007011033P2,DIREITO DA EMPRESA E DOS NEGÓCIOS,UNISINOS,Mestrado Profissional,PROFISSIONAL,3,EM FUNCIONAMENTO,Não,DIREITO,DIREITO,CIÊNCIAS SOCIAIS APLICADAS
31019013002P3,DIREITO,UCP,Mestrado,ACADÊMICO,4,EM FUNCIONAMENTO,Não,DIREITO,DIREITO,CIÊNCIAS SOCIAIS APLICADAS
26017008001P4,DIREITO,FADIC,Mestrado,ACADÊMICO,3,EM FUNCIONAMENTO,Não,DIREITO,HISTÓRIA DO DIREITO,CIÊNCIAS SOCIAIS APLICADAS
33032017009P2,Direitos Coletivos e Cidadania,UNAERP,Mestrado/Doutorado,ACADÊMICO,4,EM FUNCIONAMENTO,Não,DIREITO,DIREITO,CIÊNCIAS SOCIAIS APLICADAS
32017014001P7,Direitos Fundamentais,UI,Mestrado/Doutorado,ACADÊMICO,4,EM FUNCIONAMENTO,Não,DIREITO,DIREITO,CIÊNCIAS SOCIAIS APLICADAS
33092010011P1,DIREITO,UNINOVE,Mestrado/Doutorado,ACADÊMICO,4,EM FUNCIONAMENTO,Não,DIREITO,DIREITO,CIÊNCIAS SOCIAIS APLICADAS
42002010057P0,Direito,UFSM,Mestrado/Doutorado,ACADÊMICO,4,EM FUNCIONAMENTO,Não,DIREITO,DIREITOS ESPECIAIS,CIÊNCIAS SOCIAIS APLICADAS
32005016036P0,Direito e Inovação,UFJF,Mestrado,ACADÊMICO,4,EM FUNCIONAMENTO,Não,DIREITO,DIREITO,CIÊNCIAS SOCIAIS APLICADAS
41007018003P3,DIREITO,UNOESC,Mestrado/Doutorado,ACADÊMICO,4,EM FUNCIONAMENTO,Não,DIREITO,DIREITO,CIÊNCIAS SOCIAIS APLICADAS
33254010001P6,Direito,FACEPD,Mestrado,ACADÊMICO,3,EM FUNCIONAMENTO,Não,DIREITO,DIREITO,CIÊNCIAS SOCIAIS APLICADAS
15004015007P6,Direitos Fundamentais,UNAMA,Mestrado,ACADÊMICO,3,EM FUNCIONAMENTO,Não,DIREITO,DIREITOS ESPECIAIS,CIÊNCIAS SOCIAIS APLICADAS
